geoName,ChatGPT,AI,Cloud Computing,Blockchain,Cybersecurity
Guatemala,82,18,0,0,0
Colombia,81,19,0,0,0
Peru,81,19,0,0,0
El Salvador,80,20,0,0,0
Ecuador,79,21,0,0,0
Honduras,78,22,0,0,0
Panama,77,23,0,0,0
Dominican Republic,77,23,0,0,0
Costa Rica,76,24,0,0,0
Uzbekistan,75,25,0,0,0
Mexico,74,26,0,0,0
Brazil,74,26,0,0,0
Bolivia,73,27,0,0,0
Paraguay,73,27,0,0,0
Chile,73,27,0,0,0
Türkiye,72,28,0,0,0
Spain,71,29,0,0,0
Azerbaijan,69,31,0,0,0
Portugal,69,31,0,0,0
Argentina,67,33,0,0,0
Tunisia,67,33,0,0,0
Austria,66,34,0,0,0
Rwanda,66,34,0,0,0
Serbia,66,34,0,0,0
Iran,65,35,0,0,0
Belgium,64,36,0,0,0
Greece,64,36,0,0,0
Lithuania,63,36,0,0,1
South Africa,63,37,0,0,0
Qatar,63,37,0,0,0
United Arab Emirates,63,37,0,0,0
Malaysia,63,37,0,0,0
France,63,37,0,0,0
Kenya,63,37,0,0,0
Algeria,62,38,0,0,0
Switzerland,62,38,0,0,0
Tanzania,62,38,0,0,0
Croatia,61,39,0,0,0
Hungary,61,39,0,0,0
Morocco,61,39,0,0,0
Lebanon,60,40,0,0,0
Pakistan,58,42,0,0,0
Nepal,57,43,0,0,0
Slovakia,57,43,0,0,0
Germany,57,42,0,0,1
Bulgaria,56,43,0,0,1
Bangladesh,55,45,0,0,0
Uganda,54,46,0,0,0
India,54,46,0,0,0
Philippines,54,46,0,0,0
Jordan,54,46,0,0,0
Denmark,53,47,0,0,0
Sri Lanka,53,47,0,0,0
Ireland,52,48,0,0,0
Cambodia,52,48,0,0,0
Netherlands,51,49,0,0,0
Canada,51,49,0,0,0
Finland,51,48,0,0,1
Saudi Arabia,51,49,0,0,0
New Zealand,51,49,0,0,0
Sweden,50,50,0,0,0
Ethiopia,50,50,0,0,0
Ghana,49,50,0,0,1
Australia,49,50,0,0,1
Czechia,48,52,0,0,0
Myanmar (Burma),48,52,0,0,0
Egypt,47,53,0,0,0
Norway,46,53,0,0,1
Taiwan,46,54,0,0,0
Singapore,45,54,0,0,1
United Kingdom,45,54,0,0,1
Romania,44,56,0,0,0
China,44,56,0,0,0
Italy,44,56,0,0,0
Nigeria,43,56,0,1,0
Kazakhstan,42,57,0,0,1
Iraq,41,59,0,0,0
Poland,40,60,0,0,0
Thailand,38,62,0,0,0
United States,37,61,0,0,2
Indonesia,36,64,0,0,0
Ukraine,35,63,0,1,1
Israel,33,66,0,0,1
Russia,28,72,0,0,0
Japan,24,76,0,0,0
Vietnam,24,76,0,0,0
South Korea,15,83,0,1,1
Botswana,0,0,0,0,0
British Indian Ocean Territory,0,0,0,0,0
Bouvet Island,0,0,0,0,0
Cyprus,0,0,0,0,0
Curaçao,0,0,0,0,0
Cuba,0,0,0,0,0
Cook Islands,0,0,0,0,0
Congo - Brazzaville,0,0,0,0,0
Congo - Kinshasa,0,0,0,0,0
Cocos (Keeling) Islands,0,0,0,0,0
Comoros,0,0,0,0,0
Chad,0,0,0,0,0
Central African Republic,0,0,0,0,0
Christmas Island,0,0,0,0,0
Burkina Faso,0,0,0,0,0
Cameroon,0,0,0,0,0
Cape Verde,0,0,0,0,0
Caribbean Netherlands,0,0,0,0,0
Cayman Islands,0,0,0,0,0
Bosnia & Herzegovina,0,0,0,0,0
Bermuda,0,0,0,0,0
Bhutan,0,0,0,0,0
Belize,0,0,0,0,0
Barbados,0,0,0,0,0
Belarus,0,0,0,0,0
Benin,0,0,0,0,0
Armenia,0,0,0,0,0
Antigua & Barbuda,0,0,0,0,0
Antarctica,0,0,0,0,0
Anguilla,0,0,0,0,0
Angola,0,0,0,0,0
American Samoa,0,0,0,0,0
Andorra,0,0,0,0,0
Albania,0,0,0,0,0
Afghanistan,0,0,0,0,0
Latvia,0,0,0,0,0
Laos,0,0,0,0,0
Kyrgyzstan,0,0,0,0,0
Kuwait,0,0,0,0,0
Kosovo,0,0,0,0,0
Kiribati,0,0,0,0,0
Jamaica,0,0,0,0,0
Jersey,0,0,0,0,0
Isle of Man,0,0,0,0,0
Haiti,0,0,0,0,0
Guyana,0,0,0,0,0
Guinea-Bissau,0,0,0,0,0
Guinea,0,0,0,0,0
Guernsey,0,0,0,0,0
Iceland,0,0,0,0,0
Hong Kong,0,0,0,0,0
Guam,0,0,0,0,0
Heard & McDonald Islands,0,0,0,0,0
Eswatini,0,0,0,0,0
Estonia,0,0,0,0,0
Equatorial Guinea,0,0,0,0,0
French Polynesia,0,0,0,0,0
Fiji,0,0,0,0,0
French Guiana,0,0,0,0,0
Gambia,0,0,0,0,0
Gabon,0,0,0,0,0
French Southern Territories,0,0,0,0,0
Georgia,0,0,0,0,0
Gibraltar,0,0,0,0,0
Greenland,0,0,0,0,0
Grenada,0,0,0,0,0
Guadeloupe,0,0,0,0,0
Côte d’Ivoire,0,0,0,0,0
Eritrea,0,0,0,0,0
Djibouti,0,0,0,0,0
Dominica,0,0,0,0,0
Falkland Islands (Islas Malvinas),0,0,0,0,0
Faroe Islands,0,0,0,0,0
Bahamas,0,0,0,0,0
Bahrain,0,0,0,0,0
Aruba,0,0,0,0,0
Brunei,0,0,0,0,0
Burundi,0,0,0,0,0
British Virgin Islands,0,0,0,0,0
Mayotte,0,0,0,0,0
Mauritius,0,0,0,0,0
Monaco,0,0,0,0,0
Mongolia,0,0,0,0,0
Nauru,0,0,0,0,0
Namibia,0,0,0,0,0
Montserrat,0,0,0,0,0
Mozambique,0,0,0,0,0
Montenegro,0,0,0,0,0
Moldova,0,0,0,0,0
Martinique,0,0,0,0,0
Liberia,0,0,0,0,0
Macao,0,0,0,0,0
Madagascar,0,0,0,0,0
Malawi,0,0,0,0,0
Maldives,0,0,0,0,0
Libya,0,0,0,0,0
Liechtenstein,0,0,0,0,0
Luxembourg,0,0,0,0,0
Lesotho,0,0,0,0,0
San Marino,0,0,0,0,0
Samoa,0,0,0,0,0
Réunion,0,0,0,0,0
Puerto Rico,0,0,0,0,0
Papua New Guinea,0,0,0,0,0
Pitcairn Islands,0,0,0,0,0
Nicaragua,0,0,0,0,0
New Caledonia,0,0,0,0,0
Norfolk Island,0,0,0,0,0
Niue,0,0,0,0,0
North Macedonia,0,0,0,0,0
North Korea,0,0,0,0,0
Northern Mariana Islands,0,0,0,0,0
Oman,0,0,0,0,0
Palau,0,0,0,0,0
Palestine,0,0,0,0,0
Niger,0,0,0,0,0
Marshall Islands,0,0,0,0,0
Malta,0,0,0,0,0
Mali,0,0,0,0,0
Micronesia,0,0,0,0,0
Mauritania,0,0,0,0,0
St. Lucia,0,0,0,0,0
Somalia,0,0,0,0,0
South Sudan,0,0,0,0,0
South Georgia & South Sandwich Islands,0,0,0,0,0
Solomon Islands,0,0,0,0,0
Slovenia,0,0,0,0,0
Sint Maarten,0,0,0,0,0
Sierra Leone,0,0,0,0,0
Senegal,0,0,0,0,0
Seychelles,0,0,0,0,0
São Tomé & Príncipe,0,0,0,0,0
Syria,0,0,0,0,0
Suriname,0,0,0,0,0
Svalbard & Jan Mayen,0,0,0,0,0
Sudan,0,0,0,0,0
St. Martin,0,0,0,0,0
St. Pierre & Miquelon,0,0,0,0,0
St. Vincent & Grenadines,0,0,0,0,0
St. Kitts & Nevis,0,0,0,0,0
St. Helena,0,0,0,0,0
St. Barthélemy,0,0,0,0,0
Tonga,0,0,0,0,0
Trinidad & Tobago,0,0,0,0,0
Togo,0,0,0,0,0
Tajikistan,0,0,0,0,0
Timor-Leste,0,0,0,0,0
U.S. Virgin Islands,0,0,0,0,0
U.S. Outlying Islands,0,0,0,0,0
Turks & Caicos Islands,0,0,0,0,0
Tuvalu,0,0,0,0,0
Turkmenistan,0,0,0,0,0
Tokelau,0,0,0,0,0
Vanuatu,0,0,0,0,0
Uruguay,0,0,0,0,0
Vatican City,0,0,0,0,0
Venezuela,0,0,0,0,0
Wallis & Futuna,0,0,0,0,0
Western Sahara,0,0,0,0,0
Yemen,0,0,0,0,0
Zambia,0,0,0,0,0
Zimbabwe,0,0,0,0,0
Åland Islands,0,0,0,0,0
